{"cameraMode":{"drawMode":0,"name":"Shaded","section":"Shading Mode"},"sceneLighting":true,"audioPlay":false,"sceneViewState":{"m_AlwaysRefresh":false,"showFog":true,"showSkybox":true,"showFlares":true,"showImageEffects":true,"showParticleSystems":true,"showVisualEffectGraphs":true,"m_FxEnabled":true},"in2DMode":false,"pivot":{"x":-0.3008960485458374,"y":-1.3905539512634278,"z":-1.3464608192443848},"rotation":{"x":0.29695412516593935,"y":-0.00143296062014997,"z":0.0004435823648236692,"w":0.9548954963684082},"size":8.36602783203125,"orthographic":false}