{"cameraMode":{"drawMode":0,"name":"Shaded","section":"Shading Mode"},"sceneLighting":true,"audioPlay":false,"sceneViewState":{"showFog":true,"showMaterialUpdate":false,"showSkybox":true,"showFlares":true,"showImageEffects":true,"showParticleSystems":true},"in2DMode":false,"pivot":{"x":13.515777587890625,"y":-1.580991268157959,"z":24.506507873535158},"rotation":{"x":0.023869287222623826,"y":-0.8748754262924194,"z":0.04334175959229469,"w":0.48181429505348208},"size":13.816020965576172,"orthographic":false}