{"cameraMode":{"drawMode":0,"name":"Shaded","section":"Shading Mode"},"sceneLighting":true,"audioPlay":false,"sceneViewState":{"showFog":true,"showMaterialUpdate":false,"showSkybox":true,"showFlares":true,"showImageEffects":true,"showParticleSystems":true},"in2DMode":false,"pivot":{"x":-25.152910232543947,"y":-14.156585693359375,"z":35.0625},"rotation":{"x":-0.2376146763563156,"y":0.4944898188114166,"z":-0.1426263302564621,"w":-0.8238184452056885},"size":102.54463195800781,"orthographic":false}