{"cameraMode":{"drawMode":0,"name":"Shaded","section":"Shading Mode"},"sceneLighting":true,"audioPlay":false,"sceneViewState":{"showFog":true,"showMaterialUpdate":false,"showSkybox":true,"showFlares":true,"showImageEffects":true,"showParticleSystems":true},"in2DMode":false,"pivot":{"x":5.776451110839844,"y":0.3424720764160156,"z":14.587471008300782},"rotation":{"x":-0.17259931564331056,"y":0.7656065225601196,"z":-0.22955924272537232,"w":-0.5756387710571289},"size":17.89919662475586,"orthographic":false}